image_url,description,source,pin_id,link
https://i.pinimg.com/60x60/4e/4c/5c/4e4c5c78e2ec9e8dd497efb41d11c07d.jpg,next season design fashion inspiration,Pinterest,pin_0,https://www.pinterest.com/search/pins/?q=next+season+design&rs=typed&term_meta[]=next+season+design%7Ctyped
https://i.pinimg.com/60x60/ee/b7/9b/eeb79b3aedbbcb67b5251143b2590f18.jpg,next season design fashion inspiration,Pinterest,pin_1,https://www.pinterest.com/search/pins/?q=next+season+design&rs=typed&term_meta[]=next+season+design%7Ctyped
https://i.pinimg.com/60x60/ba/04/b6/ba04b65d2a0a3f2a00a62b53aa736c24.jpg,next season design fashion inspiration,Pinterest,pin_2,https://www.pinterest.com/search/pins/?q=next+season+design&rs=typed&term_meta[]=next+season+design%7Ctyped
https://i.pinimg.com/60x60/e0/bb/f3/e0bbf321f784c1c4fb574a666726d16e.jpg,next season design fashion inspiration,Pinterest,pin_3,https://www.pinterest.com/search/pins/?q=next+season+design&rs=typed&term_meta[]=next+season+design%7Ctyped
https://i.pinimg.com/60x60/25/db/1c/25db1cb7d3489eb2037479b200f1677f.jpg,next season design fashion inspiration,Pinterest,pin_4,https://www.pinterest.com/search/pins/?q=next+season+design&rs=typed&term_meta[]=next+season+design%7Ctyped
https://i.pinimg.com/60x60/0e/01/d0/0e01d0b2d02f2a7bbb509fc14154a3c8.jpg,next season design fashion inspiration,Pinterest,pin_5,https://www.pinterest.com/search/pins/?q=next+season+design&rs=typed&term_meta[]=next+season+design%7Ctyped
https://i.pinimg.com/60x60/60/6a/6a/606a6a5a48bd129f6cf5b338d8b0b346.jpg,next season design fashion inspiration,Pinterest,pin_6,https://www.pinterest.com/search/pins/?q=next+season+design&rs=typed&term_meta[]=next+season+design%7Ctyped
https://i.pinimg.com/60x60/e4/fa/e1/e4fae1785ee10c4c0ca4ffa6c2a528f3.jpg,next season design fashion inspiration,Pinterest,pin_7,https://www.pinterest.com/search/pins/?q=next+season+design&rs=typed&term_meta[]=next+season+design%7Ctyped
https://i.pinimg.com/60x60/15/c2/58/15c258c5137438c654cfe6cbdd9af85d.jpg,next season design fashion inspiration,Pinterest,pin_8,https://www.pinterest.com/search/pins/?q=next+season+design&rs=typed&term_meta[]=next+season+design%7Ctyped
https://i.pinimg.com/60x60/6c/42/21/6c422129e58a2f34ad5e7cd2f7da860c.jpg,next season design fashion inspiration,Pinterest,pin_9,https://www.pinterest.com/search/pins/?q=next+season+design&rs=typed&term_meta[]=next+season+design%7Ctyped
https://i.pinimg.com/60x60/95/59/e0/9559e0c8d47adb6234a7133368020f14.jpg,next season design fashion inspiration,Pinterest,pin_10,https://www.pinterest.com/search/pins/?q=next+season+design&rs=typed&term_meta[]=next+season+design%7Ctyped
https://i.pinimg.com/60x60/73/20/1c/73201c2da572eabbd944da5ed87011cc.jpg,next season design fashion inspiration,Pinterest,pin_11,https://www.pinterest.com/search/pins/?q=next+season+design&rs=typed&term_meta[]=next+season+design%7Ctyped
