keyword,count,source
pants,3,Fashion Blog Keywords
dress,2,Fashion Blog Keywords
cropped,1,Fashion Blog Keywords
blazer,1,Fashion Blog Keywords
structured,1,Fashion Blog Keywords
denim,1,Fashion Blog Keywords
t-shirt,23,H&M Benchmark Keywords
printed,12,H&M Benchmark Keywords
top,10,H&M Benchmark Keywords
ribbed,5,H&M Benchmark Keywords
v-neck,4,H&M Benchmark Keywords
tank,4,H&M Benchmark Keywords
oversized,4,H&M Benchmark Keywords
lace-inset,2,H&M Benchmark Keywords
sleeveless,2,H&M Benchmark Keywords
thong,2,H&M Benchmark Keywords
bodysuit,2,H&M Benchmark Keywords
fitted,2,H&M Benchmark Keywords
microfiber,2,H&M Benchmark Keywords
crinkled,2,H&M Benchmark Keywords
motif,1,H&M Benchmark Keywords
